Workbook

Sheet Dashboard
B2: 🧠 AI ENGINEERING & ML MASTERY — 5-MONTH STUDY TRACKER
B3: 6 days/week · ~3.5 hrs/day · 20 weeks · Math + Python + ML/DL + AWS (DVA-C02 & SAA-C03)
B4: Start: Mon 29 Jun 2026 · End: Sat 14 Nov 2026 · Update the Daily Tracker each evening — this dashboard auto-updates.
B6: 📊 PROGRESS
B7: Days completed | D7: =COUNTIF('Daily Tracker'!J:J,"Done") | E7: of | F7: 120
B8: Overall % complete | D8: =COUNTIF('Daily Tracker'!J:J,"Done")/120
B9: Days skipped | D9: =COUNTIF('Daily Tracker'!J:J,"Skipped")
B10: Hours logged | D10: =SUM('Daily Tracker'!I:I) | E10: of | F10: =SUM('Daily Tracker'!H:H)
B13: 🗓️ MONTH-BY-MONTH
B14: Month | C14: Theme | D14: Weeks | E14: Days Done | F14: Total Days | G14: Progress
B15: Month 1 | C15: Foundations: Math + Python | D15: 1–4 | E15: =COUNTIFS('Daily Tracker'!A:A,">="&1,'Daily Tracker'!A:A,"<="&4,'Daily Tracker'!J:J,"Done") | F15: 24 | G15: =COUNTIFS('Daily Tracker'!A:A,">="&1,'Daily Tracker'!A:A,"<="&4,'Daily Tracker'!J:J,"Done")/24
B16: Month 2 | C16: ML Core + AWS Developer begins | D16: 5–8 | E16: =COUNTIFS('Daily Tracker'!A:A,">="&5,'Daily Tracker'!A:A,"<="&8,'Daily Tracker'!J:J,"Done") | F16: 24 | G16: =COUNTIFS('Daily Tracker'!A:A,">="&5,'Daily Tracker'!A:A,"<="&8,'Daily Tracker'!J:J,"Done")/24
B17: Month 3 | C17: Deep Learning + DVA-C02 Exam | D17: 9–13 | E17: =COUNTIFS('Daily Tracker'!A:A,">="&9,'Daily Tracker'!A:A,"<="&13,'Daily Tracker'!J:J,"Done") | F17: 30 | G17: =COUNTIFS('Daily Tracker'!A:A,">="&9,'Daily Tracker'!A:A,"<="&13,'Daily Tracker'!J:J,"Done")/30
B18: Month 4 | C18: Transformers/LLMs + AI Eng + SAA begins | D18: 14–17 | E18: =COUNTIFS('Daily Tracker'!A:A,">="&14,'Daily Tracker'!A:A,"<="&17,'Daily Tracker'!J:J,"Done") | F18: 24 | G18: =COUNTIFS('Daily Tracker'!A:A,">="&14,'Daily Tracker'!A:A,"<="&17,'Daily Tracker'!J:J,"Done")/24
B19: Month 5 | C19: Advanced AI Eng + MLOps + SAA-C03 Exam | D19: 18–20 | E19: =COUNTIFS('Daily Tracker'!A:A,">="&18,'Daily Tracker'!A:A,"<="&20,'Daily Tracker'!J:J,"Done") | F19: 18 | G19: =COUNTIFS('Daily Tracker'!A:A,">="&18,'Daily Tracker'!A:A,"<="&20,'Daily Tracker'!J:J,"Done")/18
B22: 🎯 KEY MILESTONES
B23: Week 4 | C23: Math foundations + Python track complete · Capstone 1
B24: Week 8 | C24: ML core complete · Capstone 2 (sklearn pipeline)
B25: Week 13 | C25: 🎓 AWS Certified Developer – Associate (DVA-C02)
B26: Week 17 | C26: RAG chatbot on AWS Bedrock · Capstone 4
B27: Week 20 | C27: 🎓 AWS SAA-C03 · Capstone 5 (SageMaker MLOps) · Demo Day
B30: How to use:
B31: 1) Each evening, open the 'Daily Tracker' tab and set today's Status (dropdown) + log Actual Hrs. 2) Every Friday, mark the Week Milestone on the 'Weekly Milestones' tab. 3) Log every practice-exam score on 'Exam Prep' — aim for consistent 85%+ before booking the real exam. 4) Pair this with ACCOUNTABILITY-COACH-PROMPT.md in your personal Claude for weekly check-ins.

Sheet Daily Tracker
A1: Wk | B1: Day | C1: Date | D1: DoW | E1: Pillar / Theme | F1: Morning Block (2.0h) | G1: Evening Block (1.5h) | H1: Plan h | I1: Actual h | J1: Status | K1: Notes
A2: 1 | B2: Mon | C2: 46202 | D2: Mon | E2: Foundations: Math + Python | F2: 📖 Linear Algebra — read core concepts + notes (Pt 1) [aimath/01-linear-algebra.md] | G2: 💻 Code along with Linear Algebra examples | H2: 3.5 | J2: Not Started
A3: 1 | B3: Tue | C3: 46203 | D3: Tue | E3: Foundations: Math + Python | F3: 📖 Linear Algebra — concepts Pt 2 + work examples BY HAND | G3: 📖 Python Foundations for AI — intro + code along [aipython/01-python-foundations-for-ai.md] | H3: 3.5 | J3: Not Started
A4: 1 | B4: Wed | C4: 46204 | D4: Wed | E4: Foundations: Math + Python | F4: 🔬 Linear Algebra — deep dive on the hardest subtopic | G4: 🏋️ Linear Algebra — exercises 1–3 (check solutions) | H4: 3.5 | J4: Not Started
A5: 1 | B5: Thu | C5: 46205 | D5: Thu | E5: Foundations: Math + Python | F5: 📖 Python Foundations for AI — deep dive + worked examples | G5: 💻 Python Foundations for AI — code along + exercises | H5: 3.5 | J5: Not Started
A6: 1 | B6: Fri | C6: 46206 | D6: Fri | E6: Foundations: Math + Python | F6: 🧮 Linear Algebra — from-scratch implementation / integrate | G6: ❓ Quiz BOTH topics + make spaced-rep flashcards | H6: 3.5 | J6: Not Started
A7: 1 | B7: Sat | C7: 46207 | D7: Sat | E7: Foundations: Math + Python | F7: 🔁 Weekly review — redo missed Qs, explain aloud (Feynman) | G7: 🚀 Mini-project increment + plan next week | H7: 3.5 | J7: Not Started
A8: 2 | B8: Mon | C8: 46209 | D8: Mon | E8: Foundations: Math + Python | F8: 📖 Calculus & Optimization — read core concepts + notes (Pt 1) [aimath/02-calculus-optimization.md] | G8: 💻 Code along with Calculus & Optimization examples | H8: 3.5 | J8: Not Started
A9: 2 | B9: Tue | C9: 46210 | D9: Tue | E9: Foundations: Math + Python | F9: 📖 Calculus & Optimization — concepts Pt 2 + work examples BY HAND | G9: 📖 NumPy & Pandas — intro + code along [aipython/02-numpy-pandas-data.md] | H9: 3.5 | J9: Not Started
A10: 2 | B10: Wed | C10: 46211 | D10: Wed | E10: Foundations: Math + Python | F10: 🔬 Calculus & Optimization — deep dive on the hardest subtopic | G10: 🏋️ Calculus & Optimization — exercises 1–3 (check solutions) | H10: 3.5 | J10: Not Started
A11: 2 | B11: Thu | C11: 46212 | D11: Thu | E11: Foundations: Math + Python | F11: 📖 NumPy & Pandas — deep dive + worked examples | G11: 💻 NumPy & Pandas — code along + exercises | H11: 3.5 | J11: Not Started
A12: 2 | B12: Fri | C12: 46213 | D12: Fri | E12: Foundations: Math + Python | F12: 🧮 Calculus & Optimization — from-scratch implementation / integrate | G12: ❓ Quiz BOTH topics + make spaced-rep flashcards | H12: 3.5 | J12: Not Started
A13: 2 | B13: Sat | C13: 46214 | D13: Sat | E13: Foundations: Math + Python | F13: 🔁 Weekly review — redo missed Qs, explain aloud (Feynman) | G13: 🚀 Mini-project increment + plan next week | H13: 3.5 | J13: Not Started
... A121: 20 | B121: Sat | C121: 46340 | D121: Sat | E121: Advanced AI Eng + SAA Exam | F121: 🎉 DEMO DAY: present all 5 capstones | G121: 🏆 Retrospective: 5 months done — plan what's next | H121: 3.5 | J121: Not Started

Sheet Weekly Milestones
A1: Week | B1: Dates | C1: Month | D1: Theme | E1: ✅ Milestone — what you can DO | F1: Achieved? | G1: Reflection / blockers
A2: 1 | B2: 29 Jun – 04 Jul 2026 | C2: M1 | D2: Foundations: Math + Python | E2: Manipulate vectors/matrices in NumPy; explain eigen/SVD/PCA; write idiomatic Python (decorators, generators, type hints). | F2: No
A3: 2 | B3: 06 Jul – 11 Jul 2026 | C3: M1 | D3: Foundations: Math + Python | E3: Derive & implement gradient descent from scratch; fluent NumPy broadcasting + Pandas groupby/merge. | F3: No
A4: 3 | B4: 13 Jul – 18 Jul 2026 | C4: M1 | D4: Foundations: Math + Python | E4: Apply Bayes/MLE/MAP; explain cross-entropy & KL; run a full EDA on a real dataset. | F4: No
A5: 4 | B5: 20 Jul – 25 Jul 2026 | C5: M1 | D5: Foundations: Math + Python | E5: Explain entropy/KL/info-gain; build a leakage-free sklearn Pipeline. ✅ CAPSTONE 1: linear regression from scratch (NumPy). [🏁 Capstone 1] | F5: No
A6: 5 | B6: 27 Jul – 01 Aug 2026 | C6: M2 | D6: ML Core + AWS Dev begins | E6: Diagnose bias/variance & data leakage; train a model in PyTorch with the canonical loop. | F6: No
A7: 6 | B7: 03 Aug – 08 Aug 2026 | C7: M2 | D7: ML Core + AWS Dev begins | E7: Pick & tune the right supervised model; call Claude/OpenAI APIs; build top-k retrieval. | F7: No
A8: 7 | B8: 10 Aug – 15 Aug 2026 | C8: M2 | D8: ML Core + AWS Dev begins | E8: Cluster + reduce dimensions (PCA/UMAP); master serverless core for DVA. | F8: No
A9: 8 | B9: 17 Aug – 22 Aug 2026 | C9: M2 | D9: ML Core + AWS Dev begins | E9: CI/CD (CodePipeline), IAM/KMS for DVA. ✅ CAPSTONE 2: end-to-end scikit-learn classification pipeline. [🏁 Capstone 2] | F9: No
A10: 9 | B10: 24 Aug – 29 Aug 2026 | C10: M3 | D10: Deep Learning + DVA Exam | E10: Derive backprop; implement a NN from scratch (NumPy); 70%+ on DVA practice set. | F10: No
A11: 10 | B11: 31 Aug – 05 Sep 2026 | C11: M3 | D11: Deep Learning + DVA Exam | E11: Explain ResNet/transfer learning; fine-tune a pretrained CNN; 75%+ DVA practice. | F11: No
A12: 11 | B12: 07 Sep – 12 Sep 2026 | C12: M3 | D12: Deep Learning + DVA Exam | E12: Consistent 80%+ on DVA practice exams. | F12: No
A13: 12 | B13: 14 Sep – 19 Sep 2026 | C13: M3 | D13: Deep Learning + DVA Exam | E13: ✅ CAPSTONE 3: CNN transfer-learning classifier deployed to AWS Lambda; 85%+ practice. [🏁 Capstone 3] | F13: No
... A21: 20 | B21: 09 Nov – 14 Nov 2026 | C21: M5 | D21: Advanced AI Eng + SAA Exam | E21: 🎯 PASS the AWS SAA-C03 exam. ✅ CAPSTONE 5: SageMaker MLOps pipeline w/ monitoring. 🎉 Demo Day! [🎯 SAA-C03 EXAM + 🏁 Capstone 5] | F21: No

Sheet Capstones
A1: # | B1: Month | C1: Project | D1: Specification | E1: Acceptance criteria | F1: Status | G1: Link / repo
A2: 1 | B2: M1 | C2: Linear Regression from scratch (NumPy) | D2: Implement OLS via the normal equation AND via batch gradient descent, using only NumPy. Plot the loss curve. | E2: Matches sklearn's LinearRegression coefficients within tolerance; loss decreases monotonically; README explains the math. | F2: Not Started
A3: 2 | B3: M2 | C3: End-to-end scikit-learn classification pipeline | D3: Full pipeline on a real dataset: EDA → ColumnTransformer (impute/scale/encode) → model → CV → hyperparameter tuning → evaluation. | E3: No data leakage (all preprocessing inside the Pipeline); cross-validated metrics reported; model persisted with joblib. | F3: Not Started
A4: 3 | B4: M3 | C4: CNN transfer-learning image classifier → AWS Lambda | D4: Fine-tune a pretrained CNN (e.g. ResNet) on a small dataset in PyTorch; export and deploy inference behind AWS Lambda + API Gateway. | E4: Validation accuracy beats a from-scratch baseline; live HTTPS endpoint returns predictions; cold-start noted. | F4: Not Started
A5: 4 | B5: M4 | C5: RAG chatbot on AWS Bedrock + vector store | D5: Ingest a document set → chunk → embed → store in a vector DB → retrieve → generate grounded answers with citations via Claude on Bedrock. | E5: Answers cite sources; a small eval harness scores faithfulness & relevance; handles 'I don't know' gracefully. | F5: Not Started
A6: 5 | B6: M5 | C6: Full MLOps pipeline on SageMaker w/ monitoring | D6: SageMaker Pipeline: train → register model → deploy endpoint → enable Model Monitor (data drift). Triggerable & documented. | E6: Pipeline runs end-to-end; endpoint serves predictions; drift monitor configured; architecture diagram included. | F6: Not Started

Sheet Exam Prep
A2: AWS Certified Developer – Associate (DVA-C02)
A3: # | B3: Date | C3: Provider/Set | D3: Score % | E3: Pass (72%)? | F3: Ready (85%+)? | G3: Weak areas to revisit
A4: 1 | E4: =IF(D4="","",IF(D4>=72,"PASS","below")) | F4: =IF(D4="","",IF(D4>=85,"READY","keep going"))
A5: 2 | E5: =IF(D5="","",IF(D5>=72,"PASS","below")) | F5: =IF(D5="","",IF(D5>=85,"READY","keep going"))
A6: 3 | E6: =IF(D6="","",IF(D6>=72,"PASS","below")) | F6: =IF(D6="","",IF(D6>=85,"READY","keep going"))
A7: 4 | E7: =IF(D7="","",IF(D7>=72,"PASS","below")) | F7: =IF(D7="","",IF(D7>=85,"READY","keep going"))
A8: 5 | E8: =IF(D8="","",IF(D8>=72,"PASS","below")) | F8: =IF(D8="","",IF(D8>=85,"READY","keep going"))
A9: 6 | E9: =IF(D9="","",IF(D9>=72,"PASS","below")) | F9: =IF(D9="","",IF(D9>=85,"READY","keep going"))
A10: 7 | E10: =IF(D10="","",IF(D10>=72,"PASS","below")) | F10: =IF(D10="","",IF(D10>=85,"READY","keep going"))
A11: 8 | E11: =IF(D11="","",IF(D11>=72,"PASS","below")) | F11: =IF(D11="","",IF(D11>=85,"READY","keep going"))
A12: 🎯 Target exam date: Thu 24 Sep 2026. Rule of thumb: book the real exam only after 2 consecutive practice exams ≥ 85%.
A14: AWS Certified Solutions Architect – Associate (SAA-C03)
A15: # | B15: Date | C15: Provider/Set | D15: Score % | E15: Pass (72%)? | F15: Ready (85%+)? | G15: Weak areas to revisit
A16: 1 | E16: =IF(D16="","",IF(D16>=72,"PASS","below")) | F16: =IF(D16="","",IF(D16>=85,"READY","keep going"))
A17: 2 | E17: =IF(D17="","",IF(D17>=72,"PASS","below")) | F17: =IF(D17="","",IF(D17>=85,"READY","keep going"))
A18: 3 | E18: =IF(D18="","",IF(D18>=72,"PASS","below")) | F18: =IF(D18="","",IF(D18>=85,"READY","keep going"))
A19: 4 | E19: =IF(D19="","",IF(D19>=72,"PASS","below")) | F19: =IF(D19="","",IF(D19>=85,"READY","keep going"))
A20: 5 | E20: =IF(D20="","",IF(D20>=72,"PASS","below")) | F20: =IF(D20="","",IF(D20>=85,"READY","keep going"))
A21: 6 | E21: =IF(D21="","",IF(D21>=72,"PASS","below")) | F21: =IF(D21="","",IF(D21>=85,"READY","keep going"))
A22: 7 | E22: =IF(D22="","",IF(D22>=72,"PASS","below")) | F22: =IF(D22="","",IF(D22>=85,"READY","keep going"))
A23: 8 | E23: =IF(D23="","",IF(D23>=72,"PASS","below")) | F23: =IF(D23="","",IF(D23>=85,"READY","keep going"))
A24: 🎯 Target exam date: Thu 12 Nov 2026. Rule of thumb: book the real exam only after 2 consecutive practice exams ≥ 85%.

Sheet Resources
A1: Pillar | B1: Type | C1: Resource | D1: Best for | E1: Link | F1: Priority
A2: Math | B2: Free | C2: 3Blue1Brown — Essence of Linear Algebra / Calculus | D2: Visual intuition for vectors, matrices, gradients | E2: https://www.3blue1brown.com/topics/linear-algebra | F2: ★★★★★
A3: Math | B3: Free | C3: Mathematics for Machine Learning (book) | D3: The ML-focused math reference | E3: https://mml-book.github.io | F3: ★★★★★
A4: Math | B4: Free | C4: MIT 18.06 Linear Algebra (Gilbert Strang) | D4: Rigorous linear algebra lectures | E4: https://ocw.mit.edu/courses/18-06-linear-algebra-spring-2010/ | F4: ★★★★☆
A5: Math | B5: Free | C5: StatQuest (Josh Starmer) | D5: Stats & ML concepts, clearly | E5: https://www.youtube.com/@statquest | F5: ★★★★★
A6: Math | B6: Paid | C6: Mathematics for ML — Coursera Specialization | D6: Structured math-for-ML path | E6: https://www.coursera.org/specializations/mathematics-machine-learning | F6: ★★★★☆
A7: Python | B7: Free | C7: Python Data Science Handbook (VanderPlas) | D7: NumPy/Pandas/sklearn reference | E7: https://jakevdp.github.io/PythonDataScienceHandbook/ | F7: ★★★★★
A8: Python | B8: Free | C8: Real Python | D8: Idiomatic Python how-tos | E8: https://realpython.com | F8: ★★★★☆
A9: Python | B9: Paid | C9: Fluent Python (Ramalho) | D9: Deep, idiomatic Python | E9: https://www.oreilly.com/library/view/fluent-python-2nd/9781492056348/ | F9: ★★★★★
A10: ML/DL | B10: Free | C10: Stanford CS229 — Machine Learning | D10: Classical ML theory | E10: https://cs229.stanford.edu/ | F10: ★★★★★
A11: ML/DL | B11: Free | C11: Stanford CS231n — CNNs for Vision | D11: The canonical CNN course | E11: https://cs231n.stanford.edu/ | F11: ★★★★★
A12: ML/DL | B12: Free | C12: fast.ai — Practical Deep Learning | D12: Top-down, code-first DL | E12: https://course.fast.ai/ | F12: ★★★★★
... A28: AWS | B28: Paid | C28: Adrian Cantrill — DVA/SAA courses | D28: Deepest AWS courses | E28: https://learn.cantrill.io/ | F28: ★★★★★
